productId,siteName,date,gmttime,gmtdatetime,region_id,city,localdatetime,country,timezone,price_male,price_female,days_before_event,currency,duration_in_minutes,soldOut,productType,zoom_account,zoomInvite,,,,
356,tempo,2026-02-28,18:00:00Z,2026-02-28T18:00:00Z,NC_1,Charlotte,2026-02-28 13:00:00,USA,America/New_York,1600,1200,30,USD,60,FALSE,onlineSpeedDating,,https://us02web.zoom.us/j/81547024168?pwd=Uj1Ex6IwZCjURdQ78tfVCX3gEbyRth.1,,,,
357,tempo,2026-02-28,19:00:00Z,2026-02-28T19:00:00Z,MA_2,Boston,2026-02-28 14:00:00,USA,America/New_York,1600,1200,30,USD,60,FALSE,onlineSpeedDating,,https://us02web.zoom.us/j/84967323859?pwd=X3uBEB4kh47NlsaX60I2ytaMFLtMyh.1,,,,
358,tempo,2026-02-28,20:00:00Z,2026-02-28T20:00:00Z,DC_PA_MD_3,Philadelphia,2026-02-28 15:00:00,USA,America/New_York,1600,1200,30,USD,60,FALSE,onlineSpeedDating,,https://us02web.zoom.us/j/89440852349?pwd=5XCc5BSw7uWm5e3VGw8VoaJK2RZlZz.1,,,,
359,tempo,2026-03-01,08:00:00Z,2026-03-01T08:00:00Z,NSW_4,Sydney,2026-03-01 19:00:00,Australia,Australia/Sydney,2200,1600,30,AUD,60,FALSE,onlineSpeedDating,,https://us02web.zoom.us/j/87355727704?pwd=2cwCu8pCb7rNvkFvZZYFKrbUK3pmrG.1,,,,
360,tempo,2026-03-01,09:00:00Z,2026-03-01T09:00:00Z,VIC_5,Melbourne,2026-03-01 20:00:00,Australia,Australia/Sydney,2200,1600,30,AUD,60,FALSE,onlineSpeedDating,,https://us02web.zoom.us/j/81134861246?pwd=bMxdEHcHt9P9vJHOgswxsAd2kqV937.1,,,,
361,tempo,2026-03-01,18:00:00Z,2026-03-01T18:00:00Z,LDN_EAST_6,London,2026-03-01 18:00:00,United Kingdom,Europe/London,1400,1000,30,GBP,60,FALSE,onlineSpeedDating,,https://us02web.zoom.us/j/89821553765?pwd=yZHB1chIo3BsRoVLKCtyr1zlTz3EWU.1,,,,
362,tempo,2026-03-01,19:00:00Z,2026-03-01T19:00:00Z,E_W_MIDS_7,Birmingham,2026-03-01 19:00:00,United Kingdom,Europe/London,1400,1000,30,GBP,60,FALSE,onlineSpeedDating,,https://us02web.zoom.us/j/81339873354?pwd=kVAq8F4wPRNLaKhWpGIVnOaES6MTEu.1,,,,
363,lichess,2026-03-01,20:00:00Z,2026-03-01T20:00:00Z,SE_SW_ENG_8,Bristol,2026-03-01 20:00:00,United Kingdom,Europe/London,1400,1000,30,GBP,60,FALSE,onlineSpeedDating,,https://us02web.zoom.us/j/82582218431?pwd=aVoXCztj5OcaZwG8lXuk1Ge2uaZbRb.1,,,,
364,tempo,2026-03-01,21:00:00Z,2026-03-01T21:00:00Z,NW_ENG_YORKS_9,Leeds,2026-03-01 21:00:00,United Kingdom,Europe/London,1400,1000,30,GBP,60,FALSE,onlineSpeedDating,,https://us02web.zoom.us/j/81005800182?pwd=4sOBiar0oj2ov4QHRexcUSaRaVGGLP.1,,,,
365,tempo,2026-03-07,18:00:00Z,2026-03-07T18:00:00Z,IL_WI_10,Chicago,2026-03-07 12:00:00,USA,America/Chicago,1600,1200,30,USD,60,FALSE,onlineSpeedDating,,https://us02web.zoom.us/j/87075983158?pwd=UuvSv7HeRUQYxHVOtXWp5mJFTYH3sF.1,,,,
366,tempo,2026-03-07,19:00:00Z,2026-03-07T19:00:00Z,AB_11,Calgary,2026-03-07 12:00:00,Canada,America/Denver,2200,1600,30,CAD,60,FALSE,onlineSpeedDating,,https://us02web.zoom.us/j/81329445539?pwd=rCz3L7KYgSeNkWlcM6a3B2lQm4dfPd.1,,,,
367,tempo,2026-03-07,20:00:00Z,2026-03-07T20:00:00Z,CA_12,Los Angeles,2026-03-07 12:00:00,USA,America/Los_Angeles,1600,1200,30,USD,60,FALSE,onlineSpeedDating,,https://us02web.zoom.us/j/83806660507?pwd=oCTXCanG22F2naVbDXc4QND4s6jxhS.1,,,,
368,tempo,2026-03-07,21:00:00Z,2026-03-07T21:00:00Z,FL_13,Jacksonville,2026-03-07 16:00:00,USA,America/New_York,1600,1200,30,USD,60,FALSE,onlineSpeedDating,,https://us02web.zoom.us/j/87619097067?pwd=FrL745rYIkDN4YlDmFfcLPLZFhDk8r.1,,,,
369,tempo,2026-03-08,16:00:00Z,2026-03-08T16:00:00Z,IN_MI_OH_14,Columbus,2026-03-08 12:00:00,USA,America/New_York,1600,1200,30,USD,60,FALSE,onlineSpeedDating,,https://us02web.zoom.us/j/83803705029?pwd=eHQ4724TVubyzNws7nDHqgDog2z7wk.1,,,,
370,tempo,2026-03-08,17:00:00Z,2026-03-08T17:00:00Z,ON_15,Ottawa,2026-03-08 13:00:00,Canada,America/New_York,2200,1600,30,CAD,60,FALSE,onlineSpeedDating,,https://us02web.zoom.us/j/89215337458?pwd=H1YaPWanVpzXMZzPFAnRx7R9ayfaS0.1,,,,
371,tempo,2026-03-08,18:00:00Z,2026-03-08T18:00:00Z,QC_16,Montreal,2026-03-08 14:00:00,Canada,America/New_York,2200,1600,30,CAD,60,FALSE,onlineSpeedDating,,https://us02web.zoom.us/j/86766954293?pwd=mkxsdZaJP3epfmnyqzMFQe5S8UoIKB.1,,,,
372,tempo,2026-03-08,19:00:00Z,2026-03-08T19:00:00Z,TX_17,Houston,2026-03-08 14:00:00,USA,America/Chicago,1600,1200,30,USD,60,FALSE,onlineSpeedDating,,https://us02web.zoom.us/j/85212591965?pwd=4RLGvpwaRfFYPVmeNtvcNjRkZabbrx.1,,,,
373,tempo,2026-03-08,20:00:00Z,2026-03-08T20:00:00Z,AZ_18,Phoenix,2026-03-08 13:00:00,USA,America/Phoenix,1600,1200,30,USD,60,FALSE,onlineSpeedDating,,https://us02web.zoom.us/j/84659100698?pwd=DjZmIyV6x3mewdyjy4PNujCfVesu5A.1,,,,
374,tempo,2026-03-08,21:00:00Z,2026-03-08T21:00:00Z,BC_19,Vancouver,2026-03-08 14:00:00,Canada,America/Los_Angeles,2200,1600,30,CAD,60,FALSE,onlineSpeedDating,,https://us02web.zoom.us/j/86157315607?pwd=Dk0RFrqNm4rzQtKxxLLoLHNmJQBJD7.1,,,,
375,tempo,2026-03-08,22:00:00Z,2026-03-08T23:00:00Z,WA_OR_20,Seattle,2026-03-08 16:00:00,USA,America/Los_Angeles,1600,1200,30,USD,60,FALSE,onlineSpeedDating,,https://us02web.zoom.us/j/84590163175?pwd=ZrZqnTQ1RzSaTrkYd9UwK1zf8eSk2t.1,,,,
376,tempo,2026-03-08,23:00:00Z,2026-03-08T23:00:00Z,NY_NJ_21,New York City,2026-03-08 19:00:00,USA,America/New_York,1600,1200,30,USD,60,FALSE,onlineSpeedDating,,https://us02web.zoom.us/j/86255369586?pwd=rJa318XiciYCYrsKCwzS43jQLXyiAk.1,,,,
,,,,,,,,,,,,,,,,,,,,,,
410,tempo,2026-03-22,19:00:00Z,2026-03-22T19:00:00Z,global,ANY,2026-03-22 14:00:00,ANY,America/Chicago,2800,2800,30,USD,60,FALSE,geoMaxing,,https://us02web.zoom.us/j/89010712383?pwd=5OGn6RTW9BHz1B3DUEY1uHXxArAxiD.1,,,,
411,tempo,2026-03-22,20:00:00Z,2026-03-22T20:00:00Z,global,ANY,2026-03-22 20:00:00,ANY,Europe/London,2800,2800,30,USD,60,FALSE,socialMediaMaxing,,https://us02web.zoom.us/j/88208605751?pwd=rbDZG6DyxiuSBy3Ftt45yyS6dlbzG7.1,,,,
,,,,,,,,,,,,,,,,,,,,,,
,,,,,,,,,,,,,,,,,,,,,,
,,,,,,,,,,,,,,,,,,,,,,
,,,,,,,,,,,,,,,,,,,,,,
,,,,,,,,,,,,,,,,,,,,,,
377,tempo,2026-03-29,18:00:00Z,2026-03-29T18:00:00Z,NC_1,Charlotte,2026-03-29 14:00:00,USA,America/New_York,1600,1200,30,USD,60,FALSE,onlineSpeedDating,,https://us02web.zoom.us/j/84958223835?pwd=liJkNZ71l6XA9or8Mq8dL9Oa1KckGS.1,,,,
378,tempo,2026-03-29,19:00:00Z,2026-03-29T19:00:00Z,MA_2,Boston,2026-03-29 15:00:00,USA,America/New_York,1600,1200,30,USD,60,FALSE,onlineSpeedDating,,https://us02web.zoom.us/j/83452310598?pwd=257vamA6PwhYtVntdM6IZeG439PaZg.1,,,,
379,tempo,2026-03-29,20:00:00Z,2026-03-29T20:00:00Z,DC_PA_MD_3,Philadelphia,2026-03-29 16:00:00,USA,America/New_York,1600,1200,30,USD,60,FALSE,onlineSpeedDating,,https://us02web.zoom.us/j/81579541928?pwd=uiQVU7k4alnCaPPawQkAY4D0R3S5QW.1,,,,
380,tempo,2026-03-30,08:00:00Z,2026-03-30T08:00:00Z,NSW_4,Sydney,2026-03-30 19:00:00,Australia,Australia/Sydney,2200,1600,30,AUD,60,FALSE,onlineSpeedDating,,https://us02web.zoom.us/j/81070967070?pwd=rZvogFeDObJpZbJkJxxGNcKciZEZOS.1,,,,
381,tempo,2026-03-30,09:00:00Z,2026-03-30T09:00:00Z,VIC_5,Melbourne,2026-03-30 20:00:00,Australia,Australia/Sydney,2200,1600,30,AUD,60,FALSE,onlineSpeedDating,,https://us02web.zoom.us/j/82335407194?pwd=EbESJP1nYesX1kpJRP0iiMUwrrR4up.1,,,,
382,tempo,2026-03-30,18:00:00Z,2026-03-30T18:00:00Z,LDN_EAST_6,London,2026-03-30 19:00:00,United Kingdom,Europe/London,1400,1000,30,GBP,60,FALSE,onlineSpeedDating,,https://us02web.zoom.us/j/82762927473?pwd=EwcLneccUkEKKeQWTCtvxW5siWE4hl.1,,,,
383,tempo,2026-03-30,19:00:00Z,2026-03-30T19:00:00Z,E_W_MIDS_7,Birmingham,2026-03-30 20:00:00,United Kingdom,Europe/London,1400,1000,30,GBP,60,FALSE,onlineSpeedDating,,https://us02web.zoom.us/j/83593578640?pwd=ZQTdGDP9CG8Jr40Swk0vntuYAfavb1.1,,,,
384,tempo,2026-03-30,20:00:00Z,2026-03-30T20:00:00Z,SE_SW_ENG_8,Bristol,2026-03-30 21:00:00,United Kingdom,Europe/London,1400,1000,30,GBP,60,FALSE,onlineSpeedDating,,https://us02web.zoom.us/j/81283132830?pwd=dHPGuFyWTdabmotq2lUSBaqWdaI8uu.1,,,,
385,tempo,2026-03-30,21:00:00Z,2026-03-30T21:00:00Z,NW_ENG_YORKS_9,Leeds,2026-03-30 22:00:00,United Kingdom,Europe/London,1400,1000,30,GBP,60,FALSE,onlineSpeedDating,,https://us02web.zoom.us/j/82050210383?pwd=lpIVRSbaSmhbe6WYZ0PNRhpEoc2Umg.1,,,,
386,tempo,2026-04-04,18:00:00Z,2026-04-04T18:00:00Z,IL_WI_10,Chicago,2026-04-04 13:00:00,USA,America/Chicago,1600,1200,30,USD,60,FALSE,onlineSpeedDating,,https://us02web.zoom.us/j/82545757714?pwd=xP7lYxAPaiX8WvTuZOHPPbF57ljbxl.1,,,,
387,tempo,2026-04-04,19:00:00Z,2026-04-04T19:00:00Z,AB_11,Calgary,2026-04-04 13:00:00,Canada,America/Denver,2200,1600,30,CAD,60,FALSE,onlineSpeedDating,,https://us02web.zoom.us/j/86472410511?pwd=hFcsbIORbMGwIhaeDXxSlxw6ESeNFR.1,,,,
388,tempo,2026-04-04,20:00:00Z,2026-04-04T20:00:00Z,CA_12,Los Angeles,2026-04-04 13:00:00,USA,America/Los_Angeles,1600,1200,30,USD,60,FALSE,onlineSpeedDating,,https://us02web.zoom.us/j/82986975481?pwd=YAzaVebyTyCvRCSPKZwHngY1BUeEP0.1,,,,
389,tempo,2026-04-04,21:00:00Z,2026-04-04T21:00:00Z,FL_13,Jacksonville,2026-04-04 17:00:00,USA,America/New_York,1600,1200,30,USD,60,FALSE,onlineSpeedDating,,https://us02web.zoom.us/j/83030032153?pwd=YsPgtL4qtMapyiEkLE8Twv5DVlif1C.1,,,,
390,tempo,2026-04-05,16:00:00Z,2026-04-05T16:00:00Z,IN_MI_OH_14,Columbus,2026-04-05 12:00:00,USA,America/New_York,1600,1200,30,USD,60,FALSE,onlineSpeedDating,,https://us02web.zoom.us/j/86569070610?pwd=jiFdSIP95ndN8SFDPM3qxM2wSmJHlI.1,,,,
391,tempo,2026-04-05,17:00:00Z,2026-04-05T17:00:00Z,ON_15,Ottawa,2026-04-05 13:00:00,Canada,America/New_York,2200,1600,30,CAD,60,FALSE,onlineSpeedDating,,https://us02web.zoom.us/j/88049882059?pwd=QGxlnzFWQ6X6TPOMmQQEdyruKkRJ6n.1,,,,
392,tempo,2026-04-05,18:00:00Z,2026-04-05T18:00:00Z,QC_16,Montreal,2026-04-05 14:00:00,Canada,America/New_York,2200,1600,30,CAD,60,FALSE,onlineSpeedDating,,https://us02web.zoom.us/j/89792403650?pwd=No2FZomUW49XaENbu3rNPBcYHQO50v.1,,,,
393,tempo,2026-04-05,19:00:00Z,2026-04-05T19:00:00Z,TX_17,Houston,2026-04-05 14:00:00,USA,America/Chicago,1600,1200,30,USD,60,FALSE,onlineSpeedDating,,https://us02web.zoom.us/j/89526619854?pwd=MRy28pbPFbEVtbzJ761HfT8uaQ0282.1,,,,
394,tempo,2026-04-05,20:00:00Z,2026-04-05T20:00:00Z,AZ_18,Phoenix,2026-04-05 13:00:00,USA,America/Phoenix,1600,1200,30,USD,60,FALSE,onlineSpeedDating,,https://us02web.zoom.us/j/89270724549?pwd=Sy6a6Wd8fG8vIqacGHPQLFAmaGcmab.1,,,,
395,tempo,2026-04-05,21:00:00Z,2026-04-05T21:00:00Z,BC_19,Vancouver,2026-04-05 14:00:00,Canada,America/Los_Angeles,2200,1600,30,CAD,60,FALSE,onlineSpeedDating,,https://us02web.zoom.us/j/88099075828?pwd=EeZrtKbS78atubpGWJ6HWSaBCfkbMa.1,,,,
396,tempo,2026-04-05,22:00:00Z,2026-04-05T22:00:00Z,WA_OR_20,Seattle,2026-04-05 15:00:00,USA,America/Los_Angeles,1600,1200,30,USD,60,FALSE,onlineSpeedDating,,https://us02web.zoom.us/j/86052671827?pwd=GxPZuSv8TTGFI4R0WGyteorCxnylsX.1,,,,
397,tempo,2026-04-05,23:00:00Z,2026-04-05T23:00:00Z,NY_NJ_21,New York City,2026-04-05 19:00:00,USA,America/New_York,1600,1200,30,USD,60,FALSE,onlineSpeedDating,,https://us02web.zoom.us/j/89974582873?pwd=TXIAeexBDAugKrqLWEv0yPaRKUp1tA.1,,,,
,,,,,,,,,,,,,,,,,,,,,,
412,tempo,2026-04-06,22:00:00Z,2026-04-06T22:00:00Z,NC_1,Raleigh,2026-04-06 18:00:00,USA,America/New_York,1600,1200,30,USD,60,FALSE,onlineSpeedDatingGay,,https://us02web.zoom.us/j/85893246068?pwd=FfaN80lasqj7w3nUF0abR3bo9C4h5e.1,,,,
413,tempo,2026-04-06,23:00:00Z,2026-04-06T23:00:00Z,FL_13,Jacksonville,2026-04-06 19:00:00,USA,America/New_York,1600,1200,30,USD,60,FALSE,onlineSpeedDatingGay,,https://us02web.zoom.us/j/83814351277?pwd=w7AVRAskCIVbCDdCXbQ7iGyEkyVUPb.1,,,,
414,tempo,2026-04-07,00:00:00Z,2026-04-07T00:00:00Z,DC_PA_MD_3,Philadelphia,2026-04-06 20:00:00,USA,America/New_York,1600,1200,30,USD,60,FALSE,onlineSpeedDatingGay,,https://us02web.zoom.us/j/86847825713?pwd=t24y1VSoTC4lB1ZTS4gR0LxZHd0ZdZ.1,,,,
415,tempo,2026-04-07,02:00:00Z,2026-04-07T02:00:00Z,CA_12,Los Angeles,2026-04-06 19:00:00,USA,America/Los_Angeles,1600,1200,30,USD,60,FALSE,onlineSpeedDatingGay,,https://us02web.zoom.us/j/81856167478?pwd=aXzSeaRo1NLhRA2D8bpvyUlu12KbAj.1,,,,
416,tempo,2026-04-07,01:00:00Z,2026-04-07T01:00:00Z,TX_17,Houston,2026-04-06 20:00:00,USA,America/Chicago,1600,1200,30,USD,60,FALSE,onlineSpeedDatingGay,,https://us02web.zoom.us/j/81067040752?pwd=7WZQr2Xz2Q17beoTjAmWO3bWS2nzGg.1,,,,
,,,,,,,,,,,,,,,,,,,,,,
,,,,,,,,,,,,,,,,,,,,,,
398,tempo,2026-04-11,18:00:00Z,2026-04-11T18:00:00Z,KC_22,Kansas City,2026-04-11 13:00:00,USA,America/Chicago,1600,1200,30,USD,60,FALSE,onlineSpeedDating,,https://us02web.zoom.us/j/82421124554?pwd=1BjiWBjom6RslLK0hkGOIH1gbQwW9h.1,,,,
399,tempo,2026-04-11,19:00:00Z,2026-04-11T19:00:00Z,GA_23,Atlanta,2026-04-11 15:00:00,USA,America/New_York,1600,1200,30,USD,60,FALSE,onlineSpeedDating,,https://us02web.zoom.us/j/87377864710?pwd=Qw4HR0oZZ5Sv4DOI2ataHlVdqUQxrY.1,,,,
400,tempo,2026-04-11,20:00:00Z,2026-04-11T20:00:00Z,VA_24,Virginia Beach,2026-04-11 16:00:00,USA,America/New_York,1600,1200,30,USD,60,FALSE,onlineSpeedDating,,https://us02web.zoom.us/j/81429402632?pwd=pjBbU5pv9fVgCgzCwqLAfEc2cwlR8M.1,,,,
401,tempo,2026-04-12,09:00:00Z,2026-04-12T09:00:00Z,QLD_25,Brisbane,2026-04-12 19:00:00,Australia,Australia/Brisbane,2200,1600,30,AUD,60,FALSE,onlineSpeedDating,,https://us02web.zoom.us/j/81835133336?pwd=xfALD2GtmW8J3YrjIUDpODaYub5buD.1,,,,
402,tempo,2026-04-12,10:00:00Z,2026-04-12T10:00:00Z,NL_26,Amsterdam,2026-04-12 12:00:00,Netherlands,Europe/Amsterdam,1600,1200,30,EUR,60,FALSE,onlineSpeedDating,,https://us02web.zoom.us/j/82187547556?pwd=w5jv1ceLqIDU6rTPmgdrUd6teQcrVH.1,,,,
403,tempo,2026-04-12,17:00:00Z,2026-04-12T17:00:00Z,SCO_27,Glasgow,2026-04-12 18:00:00,UK,Europe/London,1600,1200,30,USD,60,FALSE,onlineSpeedDating,,https://us02web.zoom.us/j/86823742921?pwd=eC90nRl60PQpBZV93UXwEJ8SMCak5b.1,,,,
404,tempo,2026-04-12,18:00:00Z,2026-04-12T18:00:00Z,IE_NI_28,Dublin,2026-04-12 19:00:00,Ireland,Europe/Dublin,1400,1000,30,EUR,60,FALSE,onlineSpeedDating,,https://us02web.zoom.us/j/89689903904?pwd=eT6uROfUb2fSLoUKV8asv0iOZ9jiSp.1,,,,
405,tempo,2026-04-12,19:00:00Z,2026-04-12T19:00:00Z,LA_29,New Orleans,2026-04-12 14:00:00,USA,America/Chicago,1600,1200,30,USD,60,FALSE,onlineSpeedDating,,https://us02web.zoom.us/j/87629126541?pwd=SCYsvkQWnlkf6GE3ccRwEKx6bWrmzA.1,,,,
406,tempo,2026-04-12,20:00:00Z,2026-04-12T20:00:00Z,NY_NJ_21,New York City,2026-04-12 16:00:00,USA,America/New_York,1600,1200,30,USD,60,FALSE,onlineSpeedDatingJewish,,https://us02web.zoom.us/j/85689331460?pwd=RXiJBsDyVIpUq8MZiezjxECZSeQjrU.1,,,,
407,tempo,2026-04-12,21:00:00Z,2026-04-12T21:00:00Z,IL_WI_10,Chicago,2026-04-12 16:00:00,USA,America/Chicago,1600,1200,30,USD,60,FALSE,onlineSpeedDatingGay,,https://us02web.zoom.us/j/89225820731?pwd=CewCCJhhc9EiVglVbIu7heN3lW8bJF.1,,,,
408,tempo,2026-04-12,22:00:00Z,2026-04-12T22:00:00Z,CA_12,Los Angeles,2026-04-12 15:00:00,USA,America/Los_Angeles,1400,1000,30,USD,60,FALSE,onlineSpeedDatingIndian,,https://us02web.zoom.us/j/86189409667?pwd=sCuK4iv0OG5FY8RfxazF0mcXZHJJBT.1,,,,
409,tempo,2026-04-12,23:00:00Z,2026-04-12T23:00:00Z,LDN_EAST_6,London,2026-04-13 00:00:00,United Kingdom,Europe/London,1400,1000,30,GBP,60,FALSE,onlineSpeedDatingMuslim,,https://us02web.zoom.us/j/86172177614?pwd=7lkhAWQjOSuYbmrzTKba7UL5kaUZ61.1,,,,
,,,,,,,,,,,,,,,,,,,,,,
417,tempo,2026-04-18,18:00:00Z,2026-04-18T18:00:00Z,NC_1,Charlotte,2026-04-18 14:00:00,USA,America/New_York,1600,1200,30,USD,60,FALSE,onlineSpeedDating,,https://us02web.zoom.us/j/86899376398?pwd=qPQAw3sMq4rgW02bgxGIwgQZa5Ti2C.1,,,,
418,tempo,2026-04-18,19:00:00Z,2026-04-18T19:00:00Z,MA_2,Boston,2026-04-18 15:00:00,USA,America/New_York,1600,1200,30,USD,60,FALSE,onlineSpeedDating,,https://us02web.zoom.us/j/84903920705?pwd=srYYhXimfmwrLsgNhECglG5b0WQDoB.1,,,,
419,tempo,2026-04-18,20:00:00Z,2026-04-18T20:00:00Z,DC_PA_MD_3,Philadelphia,2026-04-18 16:00:00,USA,America/New_York,1600,1200,30,USD,60,FALSE,onlineSpeedDating,,https://us02web.zoom.us/j/87262012909?pwd=cMCh54Jn25D4OH5JaXHQbxnbz24Sh0.1,,,,
420,tempo,2026-04-19,08:00:00Z,2026-04-19T08:00:00Z,NSW_4,Sydney,2026-04-19 18:00:00,Australia,Australia/Sydney,2200,1600,30,AUD,60,FALSE,onlineSpeedDating,,https://us02web.zoom.us/j/83488092974?pwd=PnmSHBtdZY7t7gIS0pMxhIDfJ1S8Ig.1,,,,
421,tempo,2026-04-19,09:00:00Z,2026-04-19T09:00:00Z,VIC_5,Melbourne,2026-04-19 19:00:00,Australia,Australia/Sydney,2200,1600,30,AUD,60,FALSE,onlineSpeedDating,,https://us02web.zoom.us/j/87664314426?pwd=dJl8jr3pN2ufKg5wkC6hih7YqAoPXD.1,,,,
422,tempo,2026-04-19,18:00:00Z,2026-04-19T18:00:00Z,LDN_EAST_6,London,2026-04-19 19:00:00,United Kingdom,Europe/London,1400,1000,30,GBP,60,FALSE,onlineSpeedDating,,https://us02web.zoom.us/j/81296191885?pwd=arW3egZO6tubTEcN5jl0OmIOxXI2bs.1,,,,
423,tempo,2026-04-19,19:00:00Z,2026-04-19T19:00:00Z,E_W_MIDS_7,Birmingham,2026-04-19 20:00:00,United Kingdom,Europe/London,1400,1000,30,GBP,60,FALSE,onlineSpeedDating,,https://us02web.zoom.us/j/81999694622?pwd=dIa9BPFv2hxuilB9jXdR3WVxytKSeY.1,,,,
424,tempo,2026-04-19,20:00:00Z,2026-04-19T20:00:00Z,SE_SW_ENG_8,Bristol,2026-04-19 21:00:00,United Kingdom,Europe/London,1400,1000,30,GBP,60,FALSE,onlineSpeedDating,,https://us02web.zoom.us/j/88089590906?pwd=aGDX510Xp7sdRiXiOtvTFKSI4b76ew.1,,,,
425,tempo,2026-04-19,21:00:00Z,2026-04-19T21:00:00Z,NW_ENG_YORKS_9,Leeds,2026-04-19 22:00:00,United Kingdom,Europe/London,1400,1000,30,GBP,60,FALSE,onlineSpeedDating,,https://us02web.zoom.us/j/85855289424?pwd=1a6IVUZbNF4SKTiZzmTptAeuBRa1RX.1,,,,
,,,,,,,,,,,,,,,,,,,,,,
426,tempo,2026-04-25,18:00:00Z,2026-04-25T18:00:00Z,IL_WI_10,Chicago,2026-04-25 13:00:00,USA,America/Chicago,1600,1200,30,USD,60,FALSE,onlineSpeedDating,,https://us02web.zoom.us/j/88042828765?pwd=9zkpSoDaXLM5gDh9o2Ufr76PD0TbEH.1,,,,
427,tempo,2026-04-25,19:00:00Z,2026-04-25T19:00:00Z,AB_11,Calgary,2026-04-25 13:00:00,Canada,America/Denver,2200,1600,30,CAD,60,FALSE,onlineSpeedDating,,https://us02web.zoom.us/j/89511186839?pwd=UYQ5jwQ3wBabquvHNb6QbwtJb4VJiU.1,,,,
428,tempo,2026-04-25,20:00:00Z,2026-04-25T20:00:00Z,CA_12,Los Angeles,2026-04-25 13:00:00,USA,America/Los_Angeles,1600,1200,30,USD,60,FALSE,onlineSpeedDating,,https://us02web.zoom.us/j/86837103349?pwd=dMvH0DfyaDy6YaCWLbCLZwsd2ClPVh.1,,,,
429,tempo,2026-04-25,21:00:00Z,2026-04-25T21:00:00Z,FL_13,Jacksonville,2026-04-25 17:00:00,USA,America/New_York,1600,1200,30,USD,60,FALSE,onlineSpeedDating,,https://us02web.zoom.us/j/86874541778?pwd=Vvt4k2aJbF6L1Vbwppq7Rph62Xwt7r.1,,,,
430,tempo,2026-04-26,16:00:00Z,2026-04-26T16:00:00Z,IN_MI_OH_14,Columbus,2026-04-26 12:00:00,USA,America/New_York,1600,1200,30,USD,60,FALSE,onlineSpeedDating,,https://us02web.zoom.us/j/81904314210?pwd=PYG0Hz4IVD75yeDgGEHmqYywNqbI3X.1,,,,
431,tempo,2026-04-26,17:00:00Z,2026-04-26T17:00:00Z,ON_15,Ottawa,2026-04-26 13:00:00,Canada,America/New_York,2200,1600,30,CAD,60,FALSE,onlineSpeedDating,,https://us02web.zoom.us/j/87995949779?pwd=wXwcJp1kEOUYIaQxAqWkjUZfvHp9QY.1,,,,
432,tempo,2026-04-26,18:00:00Z,2026-04-26T18:00:00Z,QC_16,Montreal,2026-04-26 14:00:00,Canada,America/New_York,2200,1600,30,CAD,60,FALSE,onlineSpeedDating,,https://us02web.zoom.us/j/88914141001?pwd=bAtMOpKosjBxfbNRHPUTGlPdKOeBqK.1,,,,
433,tempo,2026-04-26,19:00:00Z,2026-04-26T19:00:00Z,TX_17,Houston,2026-04-26 14:00:00,USA,America/Chicago,1600,1200,30,USD,60,FALSE,onlineSpeedDating,,https://us02web.zoom.us/j/86860587631?pwd=GVJpqhmcnTW18US3reeGHlyif4sPr0.1,,,,
434,tempo,2026-04-26,20:00:00Z,2026-04-26T20:00:00Z,AZ_18,Phoenix,2026-04-26 13:00:00,USA,America/Phoenix,1600,1200,30,USD,60,FALSE,onlineSpeedDating,,https://us02web.zoom.us/j/82450287761?pwd=bfXWsAMKrXzUE2pCQRQhWIK4koFB2r.1,,,,
435,tempo,2026-04-26,21:00:00Z,2026-04-26T21:00:00Z,BC_19,Vancouver,2026-04-26 14:00:00,Canada,America/Los_Angeles,2200,1600,30,CAD,60,FALSE,onlineSpeedDating,,https://us02web.zoom.us/j/81706913482?pwd=uArAanip26fXgd3I5WaFbrJYqeOBXe.1,,,,
436,tempo,2026-04-26,22:00:00Z,2026-04-26T23:00:00Z,WA_OR_20,Seattle,2026-04-26 16:00:00,USA,America/Los_Angeles,1600,1200,30,USD,60,FALSE,onlineSpeedDating,,https://us02web.zoom.us/j/84878454912?pwd=dSk3Cji1PSbrgRZ3icTydGxo1iI834.1,,,,
437,tempo,2026-04-26,23:00:00Z,2026-04-26T23:00:00Z,NY_NJ_21,New York City,2026-04-26 19:00:00,USA,America/New_York,1600,1200,30,USD,60,FALSE,onlineSpeedDating,,https://us02web.zoom.us/j/83735855583?pwd=iUoUPH1F4ZpoI0dh8gA1RitEUbuFDd.1,,,,
,,,,,,,,,,,,,,,,,,,,,,
,,,,,,,,,,,,,,,,,,,,,,
438,tempo,2026-05-02,18:00:00Z,2026-05-02T18:00:00Z,NC_1,Charlotte,2026-05-02 14:00:00,USA,America/New_York,1600,1200,30,USD,60,FALSE,onlineSpeedDatingGay,tomqinaus,https://us02web.zoom.us/j/83783948113?pwd=CdVhwuPAa6Setb77fNb5UPt07UPwg5.1,,,,
439,tempo,2026-05-02,19:00:00Z,2026-05-02T19:00:00Z,MA_2,Boston,2026-05-02 15:00:00,USA,America/New_York,1600,1200,30,USD,60,FALSE,onlineSpeedDatingGay,tomqinaus,https://us02web.zoom.us/j/86829050952?pwd=6SKya25yyROTonQ2NCA2b7rxvbi3Cz.1,,,,
440,tempo,2026-05-02,20:00:00Z,2026-05-02T20:00:00Z,DC_PA_MD_3,Philadelphia,2026-05-02 16:00:00,USA,America/New_York,1600,1200,30,USD,60,FALSE,onlineSpeedDatingGay,tomqinaus,https://us05web.zoom.us/j/83638811734?pwd=PSoxPttl739wEPXfQPjhDhUWeQnazk.1,,,,
441,tempo,2026-05-03,08:00:00Z,2026-05-03T08:00:00Z,NSW_4,Sydney,2026-05-03 18:00:00,Australia,Australia/Sydney,2200,1600,30,AUD,60,FALSE,onlineSpeedDatingGay,tomqinaus,https://us05web.zoom.us/j/85281199690?pwd=zZnmAaEUThrg8Nhyp4kQnGeIdhX2QO.1,,,,
442,tempo,2026-05-03,09:00:00Z,2026-05-03T09:00:00Z,VIC_5,Melbourne,2026-05-03 19:00:00,Australia,Australia/Sydney,2200,1600,30,AUD,60,FALSE,onlineSpeedDatingGay,tomqinaus,https://us05web.zoom.us/j/83502261081?pwd=ldDhDxMlfYemPJyUCjQyE8jwKTVnLB.1,,,,
443,tempo,2026-05-03,18:00:00Z,2026-05-03T18:00:00Z,LDN_EAST_6,London,2026-05-03 19:00:00,United Kingdom,Europe/London,1400,1000,30,GBP,60,FALSE,onlineSpeedDatingGay,tomqinaus,https://us05web.zoom.us/j/87053919099?pwd=M1GaM6oWYouFrlVxH4UWb37HOocjSs.1,,,,
444,tempo,2026-05-03,19:00:00Z,2026-05-03T19:00:00Z,E_W_MIDS_7,Birmingham,2026-05-03 20:00:00,United Kingdom,Europe/London,1400,1000,30,GBP,60,FALSE,onlineSpeedDatingGay,tomqinaus,https://us05web.zoom.us/j/89356336374?pwd=dbSQiDSr36w3m9P04d9qlT8xj44zbf.1,,,,
445,tempo,2026-05-03,20:00:00Z,2026-05-03T20:00:00Z,SE_SW_ENG_8,Bristol,2026-05-03 21:00:00,United Kingdom,Europe/London,1400,1000,30,GBP,60,FALSE,onlineSpeedDatingGay,tomqinaus,https://us05web.zoom.us/j/89019598800?pwd=NtC2OxQ2TK6vX2yF6aVQGkqhGQjfpt.1,,,,
446,tempo,2026-05-03,21:00:00Z,2026-05-03T21:00:00Z,NW_ENG_YORKS_9,Leeds,2026-05-03 22:00:00,United Kingdom,Europe/London,1400,1000,30,GBP,60,FALSE,onlineSpeedDatingGay,tomqinaus,https://us05web.zoom.us/j/88070737479?pwd=cdm7F37tlpq2cVdUA36C6BKzsVGNIg.1,,,,
,,,,,,,,,,,,,,,,,,,,,,
,,,,,,,,,,,,,,,,,,,,,,
447,tempo,2026-05-02,18:00:00Z,2026-05-02T18:00:00Z,NC_1,Charlotte,2026-05-02 14:00:00,USA,America/New_York,1600,1200,30,USD,60,FALSE,onlineSpeedDating,tina,https://us05web.zoom.us/j/89622627836?pwd=jSuLbsamLy60LUpFN28ueu4MG4z3l4.1,,,,
448,tempo,2026-05-02,19:00:00Z,2026-05-02T19:00:00Z,MA_2,Boston,2026-05-02 15:00:00,USA,America/New_York,1600,1200,30,USD,60,FALSE,onlineSpeedDating,tina,https://us02web.zoom.us/j/86829050952?pwd=6SKya25yyROTonQ2NCA2b7rxvbi3Cz.1,,,,
449,tempo,2026-05-02,20:00:00Z,2026-05-02T20:00:00Z,DC_PA_MD_3,Philadelphia,2026-05-02 16:00:00,USA,America/New_York,1600,1200,30,USD,60,FALSE,onlineSpeedDating,tina,https://us02web.zoom.us/j/86506516025?pwd=t1ynpDiteRDOMJkTQsb0jabcED2NmR.1,,,,
450,tempo,2026-05-03,08:00:00Z,2026-05-03T08:00:00Z,NSW_4,Sydney,2026-05-03 18:00:00,Australia,Australia/Sydney,2200,1600,30,AUD,60,FALSE,onlineSpeedDating,tina,https://us02web.zoom.us/j/89409250367?pwd=iGJOTBoHmCzSxbGIoGBeC0bRat4x9l.1,,,,
451,tempo,2026-05-03,09:00:00Z,2026-05-03T09:00:00Z,VIC_5,Melbourne,2026-05-03 19:00:00,Australia,Australia/Sydney,2200,1600,30,AUD,60,FALSE,onlineSpeedDating,tina,https://us02web.zoom.us/j/81867164383?pwd=oCG7gC3Uj7r73mpp7BbkVkxUjurFWm.1,,,,
452,tempo,2026-05-03,18:00:00Z,2026-05-03T18:00:00Z,LDN_EAST_6,London,2026-05-03 19:00:00,United Kingdom,Europe/London,1400,1000,30,GBP,60,FALSE,onlineSpeedDating,tina,https://us02web.zoom.us/j/86417898113?pwd=2VRFfX5UMMoshrryDXR0QCqePb0bnI.1,,,,
453,tempo,2026-05-03,19:00:00Z,2026-05-03T19:00:00Z,E_W_MIDS_7,Birmingham,2026-05-03 20:00:00,United Kingdom,Europe/London,1400,1000,30,GBP,60,FALSE,onlineSpeedDating,tina,https://us02web.zoom.us/j/86394536215?pwd=rZaNhc10lExl5m9bUTT6hYK8dJfV4Z.1,,,,
454,tempo,2026-05-03,20:00:00Z,2026-05-03T20:00:00Z,SE_SW_ENG_8,Bristol,2026-05-03 21:00:00,United Kingdom,Europe/London,1400,1000,30,GBP,60,FALSE,onlineSpeedDating,tina,https://us02web.zoom.us/j/86962137014?pwd=Gjtb4mPZVJbGi5iSPuiO6WbDGYk70t.1,,,,
455,tempo,2026-05-03,21:00:00Z,2026-05-03T21:00:00Z,NW_ENG_YORKS_9,Leeds,2026-05-03 22:00:00,United Kingdom,Europe/London,1400,1000,30,GBP,60,FALSE,onlineSpeedDating,tina,https://us02web.zoom.us/j/84476068563?pwd=WL5bpnhat77VKqA7RHUPeSP3yGk7aF.1,,,,
,,,,,,,,,,,,,,,,,,,,,,
,,,,,,,,,,,,,,,,,,,,,,
456,tempo,2026-05-09,18:00:00Z,2026-05-09T18:00:00Z,KC_22,Kansas City,2026-05-09 13:00:00,USA,America/Chicago,1600,1200,30,USD,60,FALSE,onlineSpeedDatingGay,tomqinaus,TBA,,,,
457,tempo,2026-05-09,19:00:00Z,2026-05-09T19:00:00Z,GA_23,Atlanta,2026-05-09 15:00:00,USA,America/New_York,1600,1200,30,USD,60,FALSE,onlineSpeedDatingGay,tomqinaus,TBA,,,,
458,tempo,2026-05-09,20:00:00Z,2026-05-09T20:00:00Z,VA_24,Virginia Beach,2026-05-09 16:00:00,USA,America/New_York,1600,1200,30,USD,60,FALSE,onlineSpeedDatingGay,tomqinaus,TBA,,,,
459,tempo,2026-05-10,09:00:00Z,2026-05-10T09:00:00Z,QLD_25,Brisbane,2026-05-10 19:00:00,Australia,Australia/Brisbane,2200,1600,30,AUD,60,FALSE,onlineSpeedDatingGay,tomqinaus,TBA,,,,
460,tempo,2026-05-10,10:00:00Z,2026-05-10T10:00:00Z,NL_26,Amsterdam,2026-05-10 12:00:00,Netherlands,Europe/Amsterdam,1600,1200,30,EUR,60,FALSE,onlineSpeedDatingGay,tomqinaus,TBA,,,,
461,tempo,2026-05-10,17:00:00Z,2026-05-10T17:00:00Z,SCO_27,Glasgow,2026-05-10 18:00:00,UK,Europe/London,1600,1200,30,USD,60,FALSE,onlineSpeedDatingGay,tomqinaus,TBA,,,,
462,tempo,2026-05-10,18:00:00Z,2026-05-10T18:00:00Z,IE_NI_28,Dublin,2026-05-10 19:00:00,Ireland,Europe/Dublin,1400,1000,30,EUR,60,FALSE,onlineSpeedDatingGay,tomqinaus,TBA,,,,
463,tempo,2026-05-10,19:00:00Z,2026-05-10T19:00:00Z,LA_29,New Orleans,2026-05-10 14:00:00,USA,America/Chicago,1600,1200,30,USD,60,FALSE,onlineSpeedDatingGay,tomqinaus,TBA,,,,
,,,,,,,,,,,,,,,,,,,,,,
464,tempo,2026-05-09,18:00:00Z,2026-05-09T18:00:00Z,KC_22,Kansas City,2026-05-09 13:00:00,USA,America/Chicago,1600,1200,30,USD,60,FALSE,onlineSpeedDating,tina,https://us02web.zoom.us/j/88641566672?pwd=baGBb5CkcTqfb1rGIebT6VQlOVf9pL.1,,,,
465,tempo,2026-05-09,19:00:00Z,2026-05-09T19:00:00Z,GA_23,Atlanta,2026-05-09 15:00:00,USA,America/New_York,1600,1200,30,USD,60,FALSE,onlineSpeedDating,tina,TBA,,,,
466,tempo,2026-05-09,20:00:00Z,2026-05-09T20:00:00Z,VA_24,Virginia Beach,2026-05-09 16:00:00,USA,America/New_York,1600,1200,30,USD,60,FALSE,onlineSpeedDating,tina,https://us02web.zoom.us/j/88338861721?pwd=1ObghN5gdoNmqd8POQ4lKSLEFRU68i.1,,,,
467,tempo,2026-05-10,09:00:00Z,2026-05-10T09:00:00Z,QLD_25,Brisbane,2026-05-10 19:00:00,Australia,Australia/Brisbane,2200,1600,30,AUD,60,FALSE,onlineSpeedDating,tina,https://us02web.zoom.us/j/82978018614?pwd=adj6KBBnDwwbYIdti5BMIEOIv5aIsy.1,,,,
468,tempo,2026-05-10,10:00:00Z,2026-05-10T10:00:00Z,NL_26,Amsterdam,2026-05-10 12:00:00,Netherlands,Europe/Amsterdam,1600,1200,30,EUR,60,FALSE,onlineSpeedDating,tina,https://us02web.zoom.us/j/85763442359?pwd=I72w6DADMRhIN9ZxGdX07ToJNsdLkF.1,,,,
469,tempo,2026-05-10,17:00:00Z,2026-05-10T17:00:00Z,SCO_27,Glasgow,2026-05-10 18:00:00,UK,Europe/London,1600,1200,30,USD,60,FALSE,onlineSpeedDating,tina,https://us02web.zoom.us/j/82938634490?pwd=WaUKOiQ4KyaleS8fxNzkVbvveatnMa.1,,,,
470,tempo,2026-05-10,18:00:00Z,2026-05-10T18:00:00Z,IE_NI_28,Dublin,2026-05-10 19:00:00,Ireland,Europe/Dublin,1400,1000,30,EUR,60,FALSE,onlineSpeedDating,tina,https://us02web.zoom.us/j/83997398252?pwd=CsOIWbIfJ67vdeaS1vzyqja2hHtUiU.1,,,,
471,tempo,2026-05-10,19:00:00Z,2026-05-10T19:00:00Z,LA_29,New Orleans,2026-05-10 14:00:00,USA,America/Chicago,1600,1200,30,USD,60,FALSE,onlineSpeedDating,tina,https://us05web.zoom.us/j/88455267150?pwd=vklxLb5FDtwdtR7LsiGQ0jkaVtSJxR.1,,,,
,,,,,,,,,,,,,,,,,,,,,,
472,tempo,2026-05-09,18:00:00Z,2026-05-09T18:00:00Z,IL_WI_10,Chicago,2026-05-09 13:00:00,USA,America/Chicago,1600,1200,30,USD,60,FALSE,onlineSpeedDating,mogger,https://us05web.zoom.us/j/85923714745?pwd=XlDPE7Tn1usNrHjzVvNJvZYiHaLtgM.1,,,,
473,tempo,2026-05-09,19:00:00Z,2026-05-09T19:00:00Z,AB_11,Calgary,2026-05-09 13:00:00,Canada,America/Denver,2200,1600,30,CAD,60,FALSE,onlineSpeedDating,mogger,TBA,,,,
474,tempo,2026-05-09,20:00:00Z,2026-05-09T20:00:00Z,CA_12,Los Angeles,2026-05-09 13:00:00,USA,America/Los_Angeles,1600,1200,30,USD,60,FALSE,onlineSpeedDating,mogger,https://us02web.zoom.us/j/88338861721?pwd=1ObghN5gdoNmqd8POQ4lKSLEFRU68i.1,,,,
475,tempo,2026-05-09,21:00:00Z,2026-05-09T21:00:00Z,FL_13,Jacksonville,2026-05-09 17:00:00,USA,America/New_York,1600,1200,30,USD,60,FALSE,onlineSpeedDating,mogger,TBA,,,,
476,tempo,2026-05-10,16:00:00Z,2026-05-10T16:00:00Z,IN_MI_OH_14,Columbus,2026-05-10 12:00:00,USA,America/New_York,1600,1200,30,USD,60,FALSE,onlineSpeedDating,mogger,https://us02web.zoom.us/j/89752217703?pwd=nwSlHPvcD0TvJVzi2ns9wPANowmh3Y.1,,,,
477,tempo,2026-05-10,17:00:00Z,2026-05-10T17:00:00Z,ON_15,Ottawa,2026-05-10 13:00:00,Canada,America/New_York,2200,1600,30,CAD,60,FALSE,onlineSpeedDating,mogger,https://us05web.zoom.us/j/87444562225?pwd=XEKasBbdAZi72gKoeSOCo2bJu2ufGJ.1,,,,
478,tempo,2026-05-10,18:00:00Z,2026-05-10T18:00:00Z,QC_16,Montreal,2026-05-10 14:00:00,Canada,America/New_York,2200,1600,30,CAD,60,FALSE,onlineSpeedDating,mogger,https://us05web.zoom.us/j/84252625408?pwd=qz0ws32b65prWz2TbPjho5inMnNfT7.1,,,,
479,tempo,2026-05-10,19:00:00Z,2026-05-10T19:00:00Z,TX_17,Houston,2026-05-10 14:00:00,USA,America/Chicago,1600,1200,30,USD,60,FALSE,onlineSpeedDating,mogger,TBA,,,,
480,tempo,2026-05-10,20:00:00Z,2026-05-10T20:00:00Z,AZ_18,Phoenix,2026-05-10 13:00:00,USA,America/Phoenix,1600,1200,30,USD,60,FALSE,onlineSpeedDating,mogger,https://us02web.zoom.us/j/86890281521?pwd=Vh99o6lOi7Y0gm5DCr3i6LmdHWyDi8.1,,,,
481,tempo,2026-05-10,21:00:00Z,2026-05-10T21:00:00Z,BC_19,Vancouver,2026-05-10 14:00:00,Canada,America/Los_Angeles,2200,1600,30,CAD,60,FALSE,onlineSpeedDating,mogger,https://us02web.zoom.us/j/85702479490?pwd=vhJCYmU1zfFaiBRZtEbyCRmLNbLpr7.1,,,,
482,tempo,2026-05-10,22:00:00Z,2026-05-10T23:00:00Z,WA_OR_20,Seattle,2026-05-10 16:00:00,USA,America/Los_Angeles,1600,1200,30,USD,60,FALSE,onlineSpeedDating,mogger,https://us02web.zoom.us/j/85273608520?pwd=xGyuWmQxRNJbLabvuiSaJffNdZepb0.1,,,,
483,tempo,2026-05-10,23:00:00Z,2026-05-10T23:00:00Z,NY_NJ_21,New York City,2026-05-10 19:00:00,USA,America/New_York,1600,1200,30,USD,60,FALSE,onlineSpeedDating,mogger,https://us02web.zoom.us/j/85273608520?pwd=xGyuWmQxRNJbLabvuiSaJffNdZepb0.1,,,,
,,,,,,,,,,,,,,,,,,,,,,
484,tempo,2026-05-09,18:00:00Z,2026-05-09T18:00:00Z,IL_WI_10,Chicago,2026-05-09 13:00:00,USA,America/Chicago,1600,1200,30,USD,60,FALSE,onlineSpeedDatingGay,mogger,TBA,,,,
485,tempo,2026-05-09,19:00:00Z,2026-05-09T19:00:00Z,AB_11,Calgary,2026-05-09 13:00:00,Canada,America/Denver,2200,1600,30,CAD,60,FALSE,onlineSpeedDatingGay,mogger,TBA,,,,
486,tempo,2026-05-09,20:00:00Z,2026-05-09T20:00:00Z,CA_12,Los Angeles,2026-05-09 13:00:00,USA,America/Los_Angeles,1600,1200,30,USD,60,FALSE,onlineSpeedDatingGay,mogger,https://us05web.zoom.us/j/85158956210?pwd=CXGlPbaWhqNgdgMm6b2jOMqxyAPLf4.1,,,,
487,tempo,2026-05-09,21:00:00Z,2026-05-09T21:00:00Z,FL_13,Jacksonville,2026-05-09 17:00:00,USA,America/New_York,1600,1200,30,USD,60,FALSE,onlineSpeedDatingGay,mogger,https://us05web.zoom.us/j/84122188575?pwd=RvUdvkqazTOeBMuUyyLiJiESLdmnni.1,,,,
488,tempo,2026-05-10,16:00:00Z,2026-05-10T16:00:00Z,IN_MI_OH_14,Columbus,2026-05-10 12:00:00,USA,America/New_York,1600,1200,30,USD,60,FALSE,onlineSpeedDatingGay,mogger,https://us05web.zoom.us/j/81427956647?pwd=1DKg7ySyURaVdF06w9qJIdOdGb8arU.1,,,,
489,tempo,2026-05-10,17:00:00Z,2026-05-10T17:00:00Z,ON_15,Ottawa,2026-05-10 13:00:00,Canada,America/New_York,2200,1600,30,CAD,60,FALSE,onlineSpeedDatingGay,mogger,TBA,,,,
490,tempo,2026-05-10,18:00:00Z,2026-05-10T18:00:00Z,QC_16,Montreal,2026-05-10 14:00:00,Canada,America/New_York,2200,1600,30,CAD,60,FALSE,onlineSpeedDatingGay,mogger,TBA,,,,
491,tempo,2026-05-10,19:00:00Z,2026-05-10T19:00:00Z,TX_17,Houston,2026-05-10 14:00:00,USA,America/Chicago,1600,1200,30,USD,60,FALSE,onlineSpeedDatingGay,mogger,https://us02web.zoom.us/j/89154119621?pwd=6KbaM8R4LyWz6rA5YS8Dy8fZnOjkqe.1,,,,
492,tempo,2026-05-10,20:00:00Z,2026-05-10T20:00:00Z,AZ_18,Phoenix,2026-05-10 13:00:00,USA,America/Phoenix,1600,1200,30,USD,60,FALSE,onlineSpeedDatingGay,mogger,https://us05web.zoom.us/j/89402800134?pwd=6gfrutGMvNaBRrCEUNqi0TdVPYZjAl.1,,,,
493,tempo,2026-05-10,21:00:00Z,2026-05-10T21:00:00Z,BC_19,Vancouver,2026-05-10 14:00:00,Canada,America/Los_Angeles,2200,1600,30,CAD,60,FALSE,onlineSpeedDatingGay,mogger,TBA,,,,
494,tempo,2026-05-10,22:00:00Z,2026-05-10T23:00:00Z,WA_OR_20,Seattle,2026-05-10 16:00:00,USA,America/Los_Angeles,1600,1200,30,USD,60,FALSE,onlineSpeedDatingGay,mogger,TBA,,,,
495,tempo,2026-05-10,23:00:00Z,2026-05-10T23:00:00Z,NY_NJ_21,New York City,2026-05-10 19:00:00,USA,America/New_York,1600,1200,30,USD,60,FALSE,onlineSpeedDatingGay,mogger,TBA,,,,
,,,,,,,,,,,,,,,,,,,,,,
496,tempo,2026-05-31,18:00:00Z,2026-05-31T18:00:00Z,NC_1,Charlotte,2026-05-31 14:00:00,USA,America/New_York,1600,1200,30,USD,60,FALSE,onlineSpeedDating,tina,https://us02web.zoom.us/j/81347849238?pwd=vVAAFHW7CTVyO6qIV7fXZ4gzm6mg0b.1,,,,
497,tempo,2026-05-31,20:00:00Z,2026-05-31T20:00:00Z,MA_2,Boston,2026-05-31 16:00:00,USA,America/New_York,1600,1200,30,USD,60,FALSE,onlineSpeedDating,tina,https://us02web.zoom.us/j/83810871725?pwd=Sxk9glX3EJJMqzdnmkPvyaU5rbLmT2.1,,,,
498,tempo,2026-05-31,20:00:00Z,2026-05-31T20:00:00Z,DC_PA_MD_3,Philadelphia,2026-05-31 16:00:00,USA,America/New_York,1600,1200,30,USD,60,FALSE,onlineSpeedDating,tina,https://us02web.zoom.us/j/83810871725?pwd=Sxk9glX3EJJMqzdnmkPvyaU5rbLmT2.1,,,,
,,,,,,,,,,,,,,,,,,,,,,
,,,,,,,,,,,,,,,,,,,,,,
505,tempo,2026-05-31,20:00:00Z,2026-05-31T20:00:00Z,NC_1,Charlotte,2026-05-31 16:00:00,USA,America/New_York,1600,1200,30,USD,60,FALSE,onlineSpeedDatingGay,zoom1,https://us05web.zoom.us/j/89370091357?pwd=mMW4VLQDue1QgxjaNdbTkbb2Y4zV6b.1,,,,
506,tempo,2026-05-31,20:00:00Z,2026-05-31T20:00:00Z,MA_2,Boston,2026-05-31 16:00:00,USA,America/New_York,1600,1200,30,USD,60,FALSE,onlineSpeedDatingGay,zoom1,https://us05web.zoom.us/j/89370091357?pwd=mMW4VLQDue1QgxjaNdbTkbb2Y4zV6b.1,,,,
507,tempo,2026-05-31,20:00:00Z,2026-05-31T20:00:00Z,DC_PA_MD_3,Philadelphia,2026-05-31 16:00:00,USA,America/New_York,1600,1200,30,USD,60,FALSE,onlineSpeedDatingGay,zoom1,https://us05web.zoom.us/j/89370091357?pwd=mMW4VLQDue1QgxjaNdbTkbb2Y4zV6b.1,,,,
,,,,,,,,,,,,,,,,,,,,,,
,,,,,,,,,,,,,,,,,,,,,,
,,,,,,,,,,,,,,,,,,,,,,
,,,,,,,,,,,,,,,,,,,,,,
,,,,,,,,,,,,,,,,,,,,,,
,,,,,,,,,,,,,,,,,,,,,,
,,,,,,,,,,,,,,,,,,,,,,
,,,,,,,,,,,,,,,,,,,,,,
499,tempo,2026-06-07,09:00:00Z,2026-06-07T09:00:00Z,NSW_4,Sydney,2026-06-07 19:00:00,Australia,Australia/Sydney,2200,1600,30,AUD,60,FALSE,onlineSpeedDating,tina,https://us02web.zoom.us/j/84513628444?pwd=N4VPKuKcCmOHDI5E1jbqf3JwY5vbDh.1,19-21,GROUP A,,
500,tempo,2026-06-07,09:00:00Z,2026-06-07T09:00:00Z,VIC_5,Melbourne,2026-06-07 19:00:00,Australia,Australia/Sydney,2200,1600,30,AUD,60,FALSE,onlineSpeedDating,tina,https://us02web.zoom.us/j/84513628444?pwd=N4VPKuKcCmOHDI5E1jbqf3JwY5vbDh.1,13-4,GROUP A,,
515,tempo,2026-06-07,09:00:00Z,2026-06-07T09:00:00Z,QLD_25,Brisbane,2026-06-07 19:00:00,Australia,Australia/Brisbane,2200,1600,30,AUD,60,FALSE,onlineSpeedDating,tina,https://us02web.zoom.us/j/84513628444?pwd=N4VPKuKcCmOHDI5E1jbqf3JwY5vbDh.1,1-1,POSTPONE,,
,,,,,,,,,,,,,,,,,,,,,,
508,tempo,2026-06-28,09:00:00Z,2026-06-28T09:00:00Z,NSW_4,Sydney,2026-06-28 19:00:00,Australia,Australia/Sydney,2200,1600,30,AUD,60,FALSE,onlineSpeedDatingGay,,TBA,2,POSTPONE,,
509,tempo,2026-06-28,09:00:00Z,2026-06-28T09:00:00Z,VIC_5,Melbourne,2026-06-28 19:00:00,Australia,Australia/Sydney,2200,1600,30,AUD,60,FALSE,onlineSpeedDatingGay,,TBA,2,,,
513,tempo,2026-06-28,09:00:00Z,2026-06-28T09:00:00Z,QLD_25,mpas,2026-06-28 19:00:00,Australia,Australia/Brisbane,2200,1600,30,AUD,60,FALSE,onlineSpeedDatingGay,,TBA,0,POSTPONE,,
514,tempo,2026-06-28,09:00:00Z,2026-06-28T09:00:00Z,NL_26,Amsterdam,2026-06-28 11:00:00,Netherlands,Europe/Amsterdam,1600,1200,30,EUR,60,FALSE,onlineSpeedDatingGay,,TBA,0,POSTPONE,,
516,tempo,2026-06-28,09:00:00Z,2026-06-28T09:00:00Z,NL_26,Amsterdam,2026-06-28 11:00:00,Netherlands,Europe/Amsterdam,1600,1200,30,EUR,60,FALSE,onlineSpeedDating,,TBA,9-3,POSTPONE,,
,,,,,,,,,,,,,,,,,,,,,,
,,,,,,,,,,,,,,,,,,,,,,
,,,,,,,,,,,,,,,,,,,,,,
536,tempo,2026-06-07,20:00:00Z,2026-06-07T20:00:00Z,AZ_18,Phoenix,2026-06-07 13:00:00,USA,America/Phoenix,1600,1200,30,USD,60,FALSE,onlineSpeedDating,tina,https://us02web.zoom.us/j/81994680315?pwd=agt3TtpWpflqazSuL6o8Iqumwya8Oe.1,15-15,,20:00:00Z,
530,tempo,2026-06-07,20:00:00Z,2026-06-07T20:00:00Z,CA_12,Los Angeles,2026-06-07 13:00:00,USA,America/Los_Angeles,1600,1200,30,USD,60,FALSE,onlineSpeedDating,tina,https://us02web.zoom.us/j/81994680315?pwd=agt3TtpWpflqazSuL6o8Iqumwya8Oe.1,3-5,,20:00:00Z,
,,,,,,,,,,,,,,,,,,,,,,
,,,,,,,,,,,,,,,,,,,,,,
,,,,,,,,,,,,,,,,,,,,,,
,,,,,,,,,,,,,,,,,,,,,,
,,,,,,,,,,,,,,,,,,,,,,
,,,,,,,,,,,,,,,,,,,,,,
,,,,,,,,,,,,,,,,,,,,,,
,,,,,,,,,,,,,,,,,,,,,,
,,,,,,,,,,,,,,,,,,,,,,
,,,,,,,,,,,,,,,,,,,,,,
524,tempo,2026-06-07,22:00:00Z,2026-06-07T22:00:00Z,VA_24,Virginia Beach,2026-06-07 18:00:00,USA,America/New_York,1600,1200,30,USD,60,FALSE,onlineSpeedDating,tina,https://us02web.zoom.us/j/83471922497?pwd=OU0HCbPaTvOuZz7oYBvrflbyRpWFA3.1,5-4,,20:00:00Z,
539,tempo,2026-06-07,22:00:00Z,2026-06-07T22:00:00Z,NY_NJ_21,New York City,2026-06-07 18:00:00,USA,America/New_York,1600,1200,30,USD,60,FALSE,onlineSpeedDating,,https://us02web.zoom.us/j/83471922497?pwd=OU0HCbPaTvOuZz7oYBvrflbyRpWFA3.1,4-2,,22:00:00Z,
531,tempo,2026-06-07,22:00:00Z,2026-06-07T22:00:00Z,FL_13,Jacksonville,2026-06-07 18:00:00,USA,America/New_York,1600,1200,30,USD,60,FALSE,onlineSpeedDating,,https://us02web.zoom.us/j/83471922497?pwd=OU0HCbPaTvOuZz7oYBvrflbyRpWFA3.1,5-4,,21:00:00Z,
532,tempo,2026-06-07,22:00:00Z,2026-06-07T22:00:00Z,IN_MI_OH_14,Columbus,2026-06-07 18:00:00,USA,America/New_York,1600,1200,30,USD,60,FALSE,onlineSpeedDating,,https://us02web.zoom.us/j/83471922497?pwd=OU0HCbPaTvOuZz7oYBvrflbyRpWFA3.1,1-0,,17:00:00Z,
528,tempo,2026-06-07,22:00:00Z,2026-06-07T22:00:00Z,IL_WI_10,Chicago,2026-06-07 17:00:00,USA,America/Chicago,1600,1200,30,USD,60,FALSE,onlineSpeedDating,,https://us02web.zoom.us/j/83471922497?pwd=OU0HCbPaTvOuZz7oYBvrflbyRpWFA3.1,0-3,,18:00:00Z,
527,tempo,2026-06-07,22:00:00Z,2026-06-07T22:00:00Z,LA_29,New Orleans,2026-06-07 17:00:00,USA,America/Chicago,1600,1200,30,USD,60,FALSE,onlineSpeedDating,,https://us02web.zoom.us/j/83471922497?pwd=OU0HCbPaTvOuZz7oYBvrflbyRpWFA3.1,0-2,,19:00:00Z,
522,tempo,2026-06-07,22:00:00Z,2026-06-07T22:00:00Z,KC_22,Kansas City,2026-06-07 17:00:00,USA,America/Chicago,1600,1200,30,USD,60,FALSE,onlineSpeedDating,,https://us02web.zoom.us/j/83471922497?pwd=OU0HCbPaTvOuZz7oYBvrflbyRpWFA3.1,1-0,,18:00:00Z,
,,,,,,,,,,,,,,,,,,,,,,
542,tempo,2026-06-07,21:00:00Z,2026-06-07T21:00:00Z,CA_12,Los Angeles,2026-06-07 14:00:00,USA,America/Los_Angeles,1600,1200,30,USD,60,FALSE,onlineSpeedDatingGay,tina,https://us02web.zoom.us/j/89807693671?pwd=6TppXCxNDqUrsCgFQanTPSJrS8nSGt.1,13,,20:00:00Z,
548,tempo,2026-06-07,21:00:00Z,2026-06-07T21:00:00Z,AZ_18,Phoenix,2026-06-07 14:00:00,USA,America/Phoenix,1600,1200,30,USD,60,FALSE,onlineSpeedDatingGay,,https://us02web.zoom.us/j/89807693671?pwd=6TppXCxNDqUrsCgFQanTPSJrS8nSGt.1,5 (1),,20:00:00Z,
547,tempo,2026-06-07,21:00:00Z,2026-06-07T21:00:00Z,TX_17,Houston,2026-06-07 16:00:00,USA,America/Chicago,1600,1200,30,USD,60,FALSE,onlineSpeedDatingGay,,https://us02web.zoom.us/j/89807693671?pwd=6TppXCxNDqUrsCgFQanTPSJrS8nSGt.1,1,,19:00:00Z,
,,,,,,,,,,,,,,,,,,,,,,
,,,,,,,,,,,,,,,,,,,,,,
,,,,,,,,,,,,,,,,,,,,,,
551,tempo,2026-06-07,22:00:00Z,2026-06-07T22:00:00Z,NY_NJ_21,New York City,2026-06-07 18:00:00,USA,America/New_York,1600,1200,30,USD,60,FALSE,onlineSpeedDatingGay,67,https://us05web.zoom.us/j/84342136603?pwd=AEvbVBN7tEuIhZVEjhclwD8Daa9a6B.1,4,,,
543,tempo,2026-06-07,22:00:00Z,2026-06-07T22:00:00Z,FL_13,Jacksonville,2026-06-07 18:00:00,USA,America/New_York,1600,1200,30,USD,60,FALSE,onlineSpeedDatingGay,67,https://us05web.zoom.us/j/84342136603?pwd=AEvbVBN7tEuIhZVEjhclwD8Daa9a6B.1,4,,21:00:00Z,
,,,,,,,,,,,,,,,,,,,,,,
,,,,,,,,,,,,,,,,,,,,,,
,,,,,,,,,,,,,,,,,,,,,,
,,,,,,,,,,,,,,,,,,,,,,
,,,,,,,,,,,,,,,,,,,,,,
,,,,,,,,,,,,,,,,,,,,,,
,,,,,,,,,,,,,,,,,,,,,,
,,,,,,,,,,,,,,,,,,,,,,
,,,,,,,,,,,,,,,,,,,,,,
,,,,,,,,,,,,,,,,,,,,,,
,,,,,,,,,,,,,,,,,,,,,,
535,tempo,2026-06-28,19:00:00Z,2026-06-28T19:00:00Z,TX_17,Houston,2026-06-28 14:00:00,USA,America/Chicago,1600,1200,30,USD,60,FALSE,onlineSpeedDating,,TBA,0-0,,,
,,,,,,,,,,,,,,,,,,,,,,
523,tempo,2026-06-28,19:00:00Z,2026-06-28T19:00:00Z,GA_23,Atlanta,2026-06-28 15:00:00,USA,America/New_York,1600,1200,30,USD,60,FALSE,onlineSpeedDating,,TBA,0-0,,,
525,tempo,2026-06-28,17:00:00Z,2026-06-28T17:00:00Z,SCO_27,Glasgow,2026-06-28 18:00:00,UK,Europe/London,1600,1200,30,USD,60,FALSE,onlineSpeedDating,,TBA,1-0,,,
526,tempo,2026-06-28,18:00:00Z,2026-06-28T18:00:00Z,IE_NI_28,Dublin,2026-06-28 19:00:00,Ireland,Europe/Dublin,1400,1000,30,EUR,60,FALSE,onlineSpeedDating,,TBA,3-2,,,
552,,,,,,,,,,,,,,,,,,,,,,
553,tempo,2026-06-28,17:00:00Z,2026-06-28T17:00:00Z,SCO_27,Glasgow,2026-06-28 18:00:00,UK,Europe/London,1600,1200,30,USD,60,FALSE,onlineSpeedDatingGay,,TBA,0,,,
554,tempo,2026-06-28,21:00:00Z,2026-06-28T21:00:00Z,NW_ENG_YORKS_9,Leeds,2026-06-28 22:00:00,United Kingdom,Europe/London,1400,1000,30,GBP,60,FALSE,onlineSpeedDatingGay,,TBA,0,,,
550,tempo,2026-06-28,22:00:00Z,2026-06-28T22:00:00Z,WA_OR_20,Seattle,2026-06-28 15:00:00,USA,America/Los_Angeles,1600,1200,30,USD,60,FALSE,onlineSpeedDatingGay,,TBA,0,,,
545,tempo,2026-06-28,17:00:00Z,2026-06-28T17:00:00Z,ON_15,Ottawa,2026-06-28 13:00:00,Canada,America/New_York, ,1600,30,CAD,60,FALSE,onlineSpeedDatingGay,,TBA,WTF NONE,,,
546,tempo,2026-06-28,18:00:00Z,2026-06-28T18:00:00Z,QC_16,Montreal,2026-06-28 14:00:00,Canada,America/New_York,2200,1600,30,CAD,60,FALSE,onlineSpeedDatingGay,,TBA,0,,,
544,tempo,2026-06-28,17:00:00Z,2026-06-28T17:00:00Z,IN_MI_OH_14,Columbus,2026-06-28 13:00:00,USA,America/New_York,1600,1200,30,USD,60,FALSE,onlineSpeedDatingGay,,TBA,0,,,
540,tempo,2026-06-28,18:00:00Z,2026-06-28T18:00:00Z,IL_WI_10,Chicago,2026-06-28 13:00:00,USA,America/Chicago,1600,1200,30,USD,60,FALSE,onlineSpeedDatingGay,,TBA,0,,,
,,,,,,,,,,,,,,,,,,,,,,
,,,,,,,,,,,,,,,,,,,,,,
549,tempo,2026-06-28,21:00:00Z,2026-06-28T21:00:00Z,BC_19,Vancouver,2026-06-28 14:00:00,Canada,America/Los_Angeles,2200,1600,30,CAD,60,FALSE,onlineSpeedDatingGay,,TBA,1,,,
541,tempo,2026-06-28,19:00:00Z,2026-06-28T19:00:00Z,AB_11,Calgary,2026-06-28 13:00:00,Canada,America/Denver,2200,1600,30,CAD,60,FALSE,onlineSpeedDatingGay,,TBA,3-0,,,
,,,,,,,,,,,,,,,,,,,,,,
,,,,,,,,,,,,,,,,,,,,,,
,,,,,,,,,,,,,,,,,,,,,,
538,tempo,2026-06-28,22:00:00Z,2026-06-28T22:00:00Z,WA_OR_20,Seattle,2026-06-28 15:00:00,USA,America/Los_Angeles,1600,1200,30,USD,60,FALSE,onlineSpeedDating,,TBA,2-2,,,
537,tempo,2026-06-28,21:00:00Z,2026-06-28T21:00:00Z,BC_19,Vancouver,2026-06-28 14:00:00,Canada,America/Los_Angeles,2200,1600,30,CAD,60,FALSE,onlineSpeedDating,,TBA,4-6,,21:00:00Z,
,,,,,,,,,,,,,,,,,,,,,,
,,,,,,,,,,,,,,,,,,,,,,
,,,,,,,,,,,,,,,,,,,,,,
529,tempo,2026-06-28,21:00:00Z,2026-06-28T21:00:00Z,AB_11,Calgary,2026-06-28 15:00:00,Canada,America/Denver,2200,1600,30,CAD,60,FALSE,onlineSpeedDating,,TBA,1-1,,19:00:00Z,5G
533,tempo,2026-06-28,21:00:00Z,2026-06-28T21:00:00Z,ON_15,Ottawa,2026-06-28 17:00:00,Canada,America/New_York,2200,1600,30,CAD,60,FALSE,onlineSpeedDating,,TBA,5-1,,17:00:00Z,
529,tempo,2026-06-28,21:00:00Z,2026-06-28T21:00:00Z,QC_16,Montreal,2026-06-28 17:00:00,Canada,America/New_York,2200,1600,30,CAD,60,FALSE,onlineSpeedDating,,TBA,8-2,,18:00:00Z,
,,,,,,,,,,,,,,,,,,,,,,
,,,,,,,,,,,,,,,,,,,,,,
,,,,,,,,,,,,,,,,,,,,,,
,,,,,,,,,,,,,,,,,,,,,,
,,,,,,,,,,,,,,,,,,,,,,
,,,,,,,,,,,,,,,,,,,,,,
,,,,,,,,,,,,,,,,,,,,,,
,,,,,,,,,,,,,,,,,,,,,,
,,,,,,,,,,,,,,,,,,,,,,
,,,,,,,,,,,,,,,,,,,,,,
,,,,,,,,,,,,,,,,,,,,,,
,,,,,,,,,,,,,,,,,,,,,,
,,,,,,,,,,,,,,,,,,,,,,
,,,,,,,,,,,,,,,,,,,,,,
,,,,,,,,,,,,,,,,,,,,,,
,,,,,,,,,,,,,,,,,,,,,,
,,,,,,,,,,,,,,,,,,,,,,
,,,,,,,,,,,,,,,,,,,,,,
,,,,,,,,,,,,,,,,,,,,,,
,,,,,,,,,,,,,,,,,,,,,,
,,,,,,,,,,,,,,,,,,,,,,
,,,,,,,,,,,,,,,,,,,,,,
,,,,,,,,,,,,,,,,,,,,,,
,,,,,,,,,,,,,,,,,,,,,,
501,tempo,2026-06-14,20:00:00Z,2026-06-14T20:00:00Z,LDN_EAST_6,London,2026-06-14 21:00:00,United Kingdom,Europe/London,1400,1000,30,GBP,60,FALSE,onlineSpeedDating,tina,TBA,,,,
502,tempo,2026-06-14,20:00:00Z,2026-06-14T20:00:00Z,E_W_MIDS_7,Birmingham,2026-06-14 21:00:00,United Kingdom,Europe/London,1400,1000,30,GBP,60,FALSE,onlineSpeedDating,tina,TBA,,,,
503,tempo,2026-06-14,20:00:00Z,2026-06-14T20:00:00Z,SE_SW_ENG_8,Bristol,2026-06-14 21:00:00,United Kingdom,Europe/London,1400,1000,30,GBP,60,FALSE,onlineSpeedDating,tina,TBA,,,,
504,tempo,2026-06-14,20:00:00Z,2026-06-14T20:00:00Z,NW_ENG_YORKS_9,Leeds,2026-06-14 21:00:00,United Kingdom,Europe/London,1400,1000,30,GBP,60,FALSE,onlineSpeedDating,tina,TBA,,,,
,,,,,,,,,,,,,,,,,,,,,,
510,tempo,2026-06-14,18:00:00Z,2026-06-14T18:00:00Z,LDN_EAST_6,London,2026-06-14 19:00:00,United Kingdom,Europe/London,1400,1000,30,GBP,60,FALSE,onlineSpeedDatingGay,tina,TBA,,,,
511,tempo,2026-06-14,19:00:00Z,2026-06-14T19:00:00Z,E_W_MIDS_7,Birmingham,2026-06-14 20:00:00,United Kingdom,Europe/London,1400,1000,30,GBP,60,FALSE,onlineSpeedDatingGay,tina,TBA,,,,
512,tempo,2026-06-14,20:00:00Z,2026-06-14T20:00:00Z,SE_SW_ENG_8,Bristol,2026-06-14 21:00:00,United Kingdom,Europe/London,1400,1000,30,GBP,60,FALSE,onlineSpeedDatingGay,tina,TBA,,,,
,,,,,,,,,,,,,,,,,,,,,,
,,,,,,,,,,,,,,,,,,,,,,
517,tempo,2026-06-14,18:00:00Z,2026-06-14T18:00:00Z,KC_22,Kansas City,2026-06-14 13:00:00,USA,America/Chicago,1600,1200,30,USD,60,FALSE,onlineSpeedDatingGay,tina,TBA,,,,
518,tempo,2026-06-14,19:00:00Z,2026-06-14T19:00:00Z,GA_23,Atlanta,2026-06-14 15:00:00,USA,America/New_York,1600,1200,30,USD,60,FALSE,onlineSpeedDatingGay,tina,TBA,,,,
519,tempo,2026-06-14,20:00:00Z,2026-06-14T20:00:00Z,VA_24,Virginia Beach,2026-06-14 16:00:00,USA,America/New_York,1600,1200,30,USD,60,FALSE,onlineSpeedDatingGay,tina,TBA,,,,
520,tempo,2026-06-14,18:00:00Z,2026-06-14T18:00:00Z,IE_NI_28,Dublin,2026-06-14 19:00:00,Ireland,Europe/Dublin,1400,1000,30,EUR,60,FALSE,onlineSpeedDatingGay,tina,TBA,,,,
521,tempo,2026-06-14,19:00:00Z,2026-06-14T19:00:00Z,LA_29,New Orleans,2026-06-14 14:00:00,USA,America/Chicago,1600,1200,30,USD,60,FALSE,onlineSpeedDatingGay,tina,TBA,,,,
,,,,,,,,,,,,,,,,,,,,,,
,,,,,,,,,,,,,,,,,,,,,,
,,,,,,,,,,,,,,,,,,,,,,
555,tempo,2026-06-14,20:00:00Z,2026-06-14T20:00:00Z,NC_1,Charlotte,2026-06-14 16:00:00,USA,America/New_York,1600,1200,30,USD,60,FALSE,onlineSpeedDating,tina,TBA,,,,
556,tempo,2026-06-14,20:00:00Z,2026-06-14T20:00:00Z,MA_2,Boston,2026-06-14 16:00:00,USA,America/New_York,1600,1200,30,USD,60,FALSE,onlineSpeedDating,tina,TBA,,,,
557,tempo,2026-06-14,20:00:00Z,2026-06-14T20:00:00Z,DC_PA_MD_3,Philadelphia,2026-06-14 16:00:00,USA,America/New_York,1600,1200,30,USD,60,FALSE,onlineSpeedDating,tina,TBA,,,,
,,,,,,,,,,,,,,,,,,,,,,
558,tempo,2026-06-14,20:00:00Z,2026-06-14T20:00:00Z,NC_1,Charlotte,2026-06-14 16:00:00,USA,America/New_York,1600,1200,30,USD,60,FALSE,onlineSpeedDatingGay,zoom1,TBA,,,,
559,tempo,2026-06-14,20:00:00Z,2026-06-14T20:00:00Z,MA_2,Boston,2026-06-14 16:00:00,USA,America/New_York,1600,1200,30,USD,60,FALSE,onlineSpeedDatingGay,zoom1,TBA,,,,
560,tempo,2026-06-14,20:00:00Z,2026-06-14T20:00:00Z,DC_PA_MD_3,Philadelphia,2026-06-14 16:00:00,USA,America/New_York,1600,1200,30,USD,60,FALSE,onlineSpeedDatingGay,zoom1,TBA,,,,